{
	"info": {
		"_postman_id": "f30cc01e-0f8d-4d6e-a7d1-4dac409606b5",
		"name": "🎤🤓👍🏽 BENEZINHO-MUSIC-STORE",
		"schema": "https://schema.getpostman.com/json/collection/v2.1.0/collection.json",
		"_exporter_id": "1524675"
	},
	"item": [
		{
			"name": "003 - ARTIST",
			"item": [
				{
					"name": "ARTIST",
					"event": [
						{
							"listen": "test",
							"script": {
								"exec": [
									"\r",
									"pm.test(\"Response status code is 200\", function () {\r",
									"  pm.response.to.have.status(200);\r",
									"});\r",
									"\r",
									"\r",
									"pm.test(\"Validate the response body as an array\", function () {\r",
									"  pm.expect(pm.response.json()).to.be.an('array');\r",
									"});\r",
									""
								],
								"type": "text/javascript"
							}
						}
					],
					"request": {
						"method": "GET",
						"header": [],
						"url": {
							"raw": "http://localhost/api/artist",
							"protocol": "http",
							"host": [
								"localhost"
							],
							"path": [
								"api",
								"artist"
							]
						}
					},
					"response": []
				},
				{
					"name": "ARTIST/ID",
					"event": [
						{
							"listen": "test",
							"script": {
								"exec": [
									"pm.test(\"Status code is 200\", function () {\r",
									"    pm.response.to.have.status(200);\r",
									"});\r",
									"\r",
									"pm.test(\"Response is an object with id and nome properties\", function () {\r",
									"    var jsonData = pm.response.json();\r",
									"    pm.expect(jsonData).to.be.an('object').that.has.all.keys('id', 'name');\r",
									"});\r",
									"\r",
									""
								],
								"type": "text/javascript"
							}
						}
					],
					"request": {
						"method": "GET",
						"header": [],
						"url": {
							"raw": "http://localhost/api/artist/1",
							"protocol": "http",
							"host": [
								"localhost"
							],
							"path": [
								"api",
								"artist",
								"1"
							]
						}
					},
					"response": []
				},
				{
					"name": "ARTIST",
					"event": [
						{
							"listen": "test",
							"script": {
								"exec": [
									"\r",
									"pm.test(\"Response status code is 201\", function () {\r",
									"    pm.response.to.have.status(201);\r",
									"});\r",
									"\r",
									"\r",
									"pm.test(\"Response has the required fields - id and name\", function () {\r",
									"    const responseData = pm.response.json();\r",
									"    \r",
									"    pm.expect(responseData).to.be.an('object');\r",
									"    pm.expect(responseData.id).to.exist.and.to.be.a('number');\r",
									"    pm.expect(responseData.name).to.exist.and.to.be.a('string');\r",
									"});"
								],
								"type": "text/javascript"
							}
						}
					],
					"request": {
						"method": "POST",
						"header": [],
						"body": {
							"mode": "raw",
							"raw": "{\r\n    \"name\": \"Kendrick Lamar\",\r\n    \"nationality\": \"USA\"\r\n}",
							"options": {
								"raw": {
									"language": "json"
								}
							}
						},
						"url": {
							"raw": "http://localhost/api/artist",
							"protocol": "http",
							"host": [
								"localhost"
							],
							"path": [
								"api",
								"artist"
							]
						}
					},
					"response": []
				}
			]
		},
		{
			"name": "004 - MUSIC",
			"item": [
				{
					"name": "MUSIC",
					"event": [
						{
							"listen": "test",
							"script": {
								"exec": [
									"\r",
									"pm.test(\"Response status code is 200\", function () {\r",
									"    pm.response.to.have.status(200);\r",
									"});\r",
									"\r",
									"\r",
									""
								],
								"type": "text/javascript"
							}
						}
					],
					"request": {
						"method": "GET",
						"header": [],
						"url": {
							"raw": "http://localhost/api/music",
							"protocol": "http",
							"host": [
								"localhost"
							],
							"path": [
								"api",
								"music"
							]
						}
					},
					"response": []
				},
				{
					"name": "MUSIC",
					"event": [
						{
							"listen": "test",
							"script": {
								"exec": [
									"\r",
									"pm.test(\"Response status code is 201\", function () {\r",
									"    pm.response.to.have.status(201);\r",
									"});\r",
									"\r",
									"\r",
									"pm.test(\"Name is a non-empty string\", function () {\r",
									"  const responseData = pm.response.json();\r",
									"\r",
									"  pm.expect(responseData).to.be.an('object');\r",
									"  pm.expect(responseData.artist.name).to.be.a('string').and.to.have.lengthOf.at.least(1, \"Name should not be empty\");\r",
									"});\r",
									"\r",
									"\r",
									"pm.test(\"Duration is a non-empty string\", function () {\r",
									"    const responseData = pm.response.json();\r",
									"    \r",
									"    pm.expect(responseData.duration).to.be.a('string').and.to.have.lengthOf.at.least(1, \"Value should not be empty\");\r",
									"});\r",
									"\r",
									"\r",
									"pm.test(\"Explicit lyrics is a boolean value\", function () {\r",
									"    const responseData = pm.response.json();\r",
									"    \r",
									"    pm.expect(responseData.explicitLyrics).to.be.a('boolean');\r",
									"});\r",
									"\r",
									"\r",
									"pm.test(\"Response status code is 201\", function () {\r",
									"    pm.response.to.have.status(201);\r",
									"});\r",
									"\r",
									"\r",
									"pm.test(\"Verify that the 'artist' object is present in the response\", function () {\r",
									"    const responseData = pm.response.json();\r",
									"    \r",
									"    pm.expect(responseData).to.be.an('object');\r",
									"    pm.expect(responseData.artist).to.exist;\r",
									"});\r",
									"\r",
									"pm.test(\"Name is a non-empty string\", function () {\r",
									"  const responseData = pm.response.json();\r",
									"    \r",
									"  pm.expect(responseData).to.be.an('object');\r",
									"  pm.expect(responseData.artist.name).to.exist.and.to.be.a('string').and.to.have.lengthOf.at.least(1, \"Value should not be empty\");\r",
									"});\r",
									"\r",
									"\r",
									"pm.test(\"Duration is a non-empty string\", function () {\r",
									"    const responseData = pm.response.json();\r",
									"    \r",
									"    pm.expect(responseData.duration).to.exist.and.to.be.a('string').and.to.have.lengthOf.at.least(1, \"Value should not be empty\");\r",
									"});\r",
									"\r",
									"\r",
									"pm.test(\"Explicit lyrics is a boolean value\", function () {\r",
									"    const responseData = pm.response.json();\r",
									"    \r",
									"    pm.expect(responseData).to.be.an('object');\r",
									"    pm.expect(responseData.explicitLyrics).to.be.a('boolean');\r",
									"});\r",
									"\r",
									""
								],
								"type": "text/javascript"
							}
						}
					],
					"request": {
						"method": "POST",
						"header": [],
						"body": {
							"mode": "raw",
							"raw": "{\r\n    \"title\": \"AMO VOCE\",\r\n    \"artist\": {\r\n        \"name\": \"TIM MAIA\",\r\n        \"nationality\": \"BRASIL\"\r\n    },\r\n    \"style\": \"MPB\",\r\n    \"duration\": \"5\",\r\n    \"originalLanguage\": \"pt_BR\",\r\n    \"explicitLyrics\": false\r\n}",
							"options": {
								"raw": {
									"language": "json"
								}
							}
						},
						"url": {
							"raw": "http://localhost/api/music",
							"protocol": "http",
							"host": [
								"localhost"
							],
							"path": [
								"api",
								"music"
							]
						}
					},
					"response": []
				},
				{
					"name": "MUSIC/ID",
					"event": [
						{
							"listen": "test",
							"script": {
								"exec": [
									"pm.test(\"Response status code is 200\", function() {\r",
									"    pm.response.to.have.status(200);\r",
									"});\r",
									""
								],
								"type": "text/javascript"
							}
						}
					],
					"request": {
						"method": "GET",
						"header": [],
						"url": {
							"raw": "http://localhost/api/music/1",
							"protocol": "http",
							"host": [
								"localhost"
							],
							"path": [
								"api",
								"music",
								"1"
							]
						}
					},
					"response": []
				}
			]
		}
	]
}